video_id,title,description,published_at
R7oW0LwS_e4,I Met Neymar,,2025-07-11T16:15:07Z
BfKI_TQnQvo,I Raced A Cheetah,,2025-07-06T16:00:01Z
FWAdfuPpLOc,World&#39;s Fastest Car Vs Cheetah!,I still can't believe we got all these animals for this Check out the latest Lenovo Legion Pro 7i with Intel® Core™ Ultra 9 Processor: ...,2025-07-05T16:00:01Z
V6In4tmd-w8,"$1 vs $25,000 VFX",Huge thanks to every VFX artist that made this happen! $1 - @HelloXRyan $1000 - @scottconveryvfx $10000 - @krimium. $25000 ...,2025-06-19T17:00:41Z
hTSaweR8qMI,"$1 vs $500,000 Romantic Date",Experiencing all of this was incredible Buy Feastables! It tastes amazing and it's ethically sourced https://fstbls.com/5mj6dv New ...,2025-06-07T16:00:00Z
c2ukL_zjFCk,Extreme Helmet Game,,2025-05-28T16:00:19Z
DZIASl9q90s,"Beat Neymar, Win $500,000",The amount of skill in this video is insane If you wanna score tons of Magenta Status perks and benefits like Aaron Judge and ...,2025-05-24T16:00:01Z
N0pwLtonPdg,Slippery vs Sticky Stairs,,2025-05-16T16:00:01Z
M1STzb7k9L8,Extreme Helmet Game,,2025-04-25T16:15:00Z
Tbn4cYCaZCk,"Drift This Car, Win $10,000",,2025-04-16T17:00:15Z
zajUgQLviwk,"Last to Leave Their Circle Wins $500,000",Seeing these past contestants battle it out for $500000 was wild Launch a store on Shopify and I'll buy from 100 random stores ...,2025-03-01T17:00:01Z
nAiKLoCP-kU,"Reach the Money, Win $10,000",,2025-02-14T18:15:00Z
NDsO1LT_0lw,I Spent 100 Hours Inside The Pyramids!,I can't believe we were allowed to do this Season 2 of swarms is out now! You can even find a Gold Swarm worth $10000!,2025-02-08T17:00:00Z
gs8qfL9PNac,"2,000 People Fight For $5,000,000",Watch Beast Games now on Prime Video: https://www.beastgames.com Thank you to @MoneyLion for partnering with me on ...,2024-12-19T17:00:00Z
Xj0Jtjg3lHQ,"$1 vs $500,000 Experiences!","I didn't know some of these were possible MrBeast Lab Swarms are flying off the shelves! Grab yours now at Walmart, Target, ...",2024-11-02T16:00:00Z
bn0Kh9c4Zv4,7 Days Exploring An Underground City,"This salt mine is the coolest underground city I've ever seen Get Zaxbys MrBeast Box while you still can - Chicken Fingerz™, ...",2024-10-12T16:00:00Z
8krJy31Diow,Holding Bigger And Bigger Dogs,,2024-09-16T18:00:00Z
YyNz4--6fro,World’s Smartest Dog,,2024-05-16T16:00:00Z
snUyLbGx6U4,"Buy Feastables, Win Unlimited Money",,2024-04-30T16:00:00Z
Pv0iVoSZzN8,In 10 Minutes This Room Will Explode!,I didn't expect that to happen… There's no jumping through hoops (or plate glass windows) with T-Mobile. Customers can get ...,2024-04-27T16:00:00Z
7ESeQBeikKs,"Protect $500,000 Keep It!",He spent so much money lol Grow your money with the Mighty Oak debit card from Acorns. Sign up at ...,2024-01-13T17:00:00Z
7dYTw-jAYkY,I Spent 7 Days Buried Alive,Please don't try this at home lol Verizon 5G Home Internet for as low as $35/month. Opt-in and you could get a $200 Amazon.com ...,2023-11-18T17:00:01Z
mwKJfNYwvm8,I Built 100 Wells In Africa,Click the link below to donate https://www.beastphilanthropy.org/campaign/mrbeast-100-wells New Merch - https://mrbeast.store ...,2023-11-04T16:00:00Z
QjvpjXdgugA,World’s Deadliest Laser Maze!,"I can't believe what happened at the end… Drink PRIME Hydration, now at Walmart, Target, 7-Eleven, and Kroger Family Stores.",2023-10-28T15:59:59Z
c0v8OPItCOg,"$100,000,000 Bathroom",,2023-10-17T17:00:00Z
3OFj6l2tQ9s,World&#39;s Most Dangerous Trap!,I can't believe how crazy the last room is Grab my FREE Jail Time Jimmy skin when you download Stumble Guys! Jump into the ...,2023-10-07T16:00:00Z
AZlBZuS4hr0,"Guess The Gift, Keep It",,2023-10-03T17:00:00Z
IQxea9UB1nQ,"$100,000,000 Car Doors",,2023-09-19T17:00:00Z
L5kIXRdwGAI,Katana Vs Bullet,,2023-09-07T17:00:01Z
19NmWqv4Alk,How Many School Buses Can We Stack?,,2023-09-05T16:59:57Z
yhB3BgJyGl8,7 Days Stranded At Sea,Launch a store on Shopify right now https://shopify.com/mrbeast Go get your free box of Feastables while supplies lasts ...,2023-08-05T16:00:01Z
ooAwCOP67GQ,Do Pawnshops Scam You?,,2023-06-03T16:59:57Z
YLt73w6criQ,I Paid A Real Assassin To Try To Kill Me,File with TurboTax today to get your biggest refund possible http://bit.ly/MrBeastxTurboTax New Merch - https://mrbeast.store ...,2023-03-18T20:00:01Z
lglIQkCHO0g,Do Men Lie About Their Height?,New Merch - https://shopmrbeast.com/ SUBSCRIBE OR I TAKE YOUR DOG ...,2023-02-14T21:00:14Z
7IKab3HcfFk,I Survived 50 Hours In Antarctica,Check out my interview! http://bit.ly/Shopify-Behind-Beast Thank you to ALE https://antarctic-logistics.com/ Stream the Original ...,2022-12-24T20:59:59Z
h5NvTTOlOtI,Hydraulic Press Vs Lamborghini,Hello Neighbor 2 is out now on PC & Consoles! It's time to find out what your creepy Neighbors are hiding.,2022-12-10T21:00:01Z
se50viFJ0AQ,Would You Fly To Paris For A Baguette?,New Merch - https://shopmrbeast.com/ SUBSCRIBE OR I TAKE YOUR DOG ...,2022-12-08T20:12:27Z
kX3nB4PpJko,"Last To Take Hand Off Jet, Keeps It!",Close this and watch to the end to see who wins! New Merch - https://mrbeast.store Check out Viewstats!,2022-11-12T21:00:00Z
tVWWp1PqDus,"100 Boys Vs 100 Girls For $500,000",Giving away $25k on Current! Sign up and use my code “BEAST250” for a chance to win*: https://www.current.com/beast250 ...,2022-07-23T20:00:09Z
vaIgyRoUkQI,I Didn’t Eat Food For 30 Days,This was one of my hardest videos. I went as long as possible not eating any food. New Chocolate - https://feastables.com/ Check ...,2022-07-02T20:00:02Z
Hwybp38GnZw,I Built Willy Wonka&#39;s Chocolate Factory!,MILK Chocolate Win a Tesla or be in a MrBeast video - Buy now ▸ https://feastables.com SUBSCRIBE TO GORDON!,2022-06-04T20:00:02Z
qIsgdOVGA04,"Last To Take Hand Off Lamborghini, Keeps It",Subscribe if you want to compete! Watch My Documentary Now On Curiosity: http://curiositystream.com/BEAST New Merch ...,2021-10-23T20:00:01Z
zxYjTTXc-J8,"Last To Leave Circle Wins $500,000",THIS WAS THE CRAZIEST THING IVE EVER DONE! New Merch - https://mrbeast.store Check out Viewstats!,2021-08-31T20:01:03Z
ktyJIj6i4Qw,"If You Can Carry $1,000,000 You Keep It!",Exclusive Merch Here - https://mrbeast.store Check out Viewstats! - https://www.viewstats.com/ YOU HAVE 7 DAYS TO BUY THIS ...,2021-07-24T20:00:59Z
nM89Wl03Q4g,I Survived 50 Hours In A Maximum Security Prison,I can't believe this prison let me do this lol New Merch - https://mrbeast.store Check out Viewstats! - https://www.viewstats.com/ ...,2021-06-26T20:00:02Z
TQHEJj68Jew,I Got Hunted By A Real Bounty Hunter,New Merch - https://mrbeast.store Check out Viewstats! - https://www.viewstats.com/ SUBSCRIBE OR I TAKE YOUR DOG ...,2021-04-24T20:00:00Z
WcwGleN38zE,"Extreme $100,000 Game of Tag!",I cant believe he actually won.. New Merch - https://mrbeast.store Check out Viewstats! - https://www.viewstats.com/ SUBSCRIBE ...,2021-04-17T20:00:00Z
fMfipiV_17o,"Would You Sit In Snakes For $10,000?",Would you sit in a tub of snakes for $10000? New Merch - https://mrbeast.store Subscribe to Brian Barczyk: ...,2021-04-10T21:00:07Z
9bqk6ZUsKyA,I Spent 50 Hours Buried Alive,This was the most insane thing I've ever done New Merch - https://mrbeast.store Check out Viewstats! - https://www.viewstats.com/ ...,2021-03-27T20:00:04Z
C680oxL__ck,"I Ate $100,000 Golden Ice Cream",I cant believe how insane that ice cream looked at the end New Merch - https://mrbeast.store Check out Viewstats!,2021-01-22T21:00:03Z
